when	decision	why	evidence	result
2026-09-07T23:35	Split the owner's nine asks into nine issues (#434-#442) before writing code	Repo convention is issue-driven and AGENTS.md says "work only on your issue", so a PR without one has nowhere to point	gh issue list	open
2026-09-07T23:40	Deferred #430 (card-size block table) to the last wave	#435, #437 and #440 all change what a card block costs, so measuring the table now records a number that is wrong before it lands	issues #435 #437 #440	deferred
2026-09-07T23:40	Wave 1 is four agents on disjoint files: timeline, photos, saved-store, map truth	The only files two of them could both want are ResultCard.svelte and results/+page.svelte, and none of the four touches either	git worktree list	dispatched
2026-09-07T23:50	Dispatched five agents, not four	The card restructure (#435 #439 #440) is the critical path and serialising it behind wave 1 would cost hours while the owner sleeps	git worktree list	running
2026-09-07T23:50	Sidebar becomes a trip inspector rather than staying a segment picker	#440 deletes the fold that held the full timeline, and the timeline has to land somewhere a phone can still reach	ResultDetail.svelte holds four blocks	specified
2026-09-07T23:50	Held #437 and the heart (#434 second half) back to wave 3	Both edit the same lines of ResultCard.svelte and results/+page.svelte that the card agent is rewriting	ResultCard header snippet	queued
2026-09-08T00:35	Merged #444 after reading the store myself, not on green CI alone	AGENTS.md says green CI is not a review and the bug worth catching is the one nobody tested	types.ts, isRepeatVisit, pnpm check clean on my own run	merged 37aad9d
2026-09-08T00:40	Rebased #445 onto the new main and re-ran CI before merging	#444 added a route and a home-page section that #445's e2e run had never seen; this repo has lost a day to exactly that	git rebase origin/main	CI rerunning
2026-09-08T00:40	#432's premise was measured false and the agent said so instead of shipping a threshold	CARTO paints the notice over a real map, so no summary statistic separates them; a recorded mask does	16 watermarked vs 16 clean tiles, overlapping ranges	accepted
2026-09-08T01:15	Merged #445 then rebased #446 onto it before merging	Both edit tests/e2e/itinerary-editing.spec.ts and taxi-fare-out-of-range.spec.ts, so green on the old base said nothing	git diff --stat -- tests/	merged 7636a52, ad0194e
2026-09-08T01:20	Dispatched the header and heart against a base the card agent will move	Wall clock while the owner sleeps is worth one rebase; the two agents own different regions of ResultCard	feat/card-panel-and-sidebar in flight	running
2026-09-08T01:30	Closed #432 and #433 by hand	The PR title named them but GitHub only auto-closes on a Closes keyword, and both deserved the measurements written into the close	gh issue list showed them open after merge	closed
2026-09-08T02:10	Accepted #442 as pipeline plus labelling with no new pictures	Three untrimmed live captures show none of the three endpoints this app calls carries room photographs; the repo fixtures had their galleries cut when saved	docs/PROVIDERS.md table in #447	accepted, remainder filed as #449
2026-09-08T02:10	Filed #448 and #449 rather than widening #447	MapDialog's focus ring and the uncalled Hostelworld endpoint are both real and neither is that issue	AGENTS.md, work only on your issue	filed
2026-09-08T02:10	Rebased #447 before merging on its author's own warning	Its CI ran against 37aad9d while main had moved twice; GitHub still called it clean	gh pr view reported CLEAN on a stale base	CI rerunning
2026-09-08T03:05	Said yes to #450 rather than leaving the owner a question	He asked for room photographs; a provider-scoped identity on Stay is what they cost, and the cache-shape risk is a known one this repo has a named fix for	#449 measured CORS 200 and 450ms per property	dispatched
2026-09-08T03:05	Asked for the dorm-kind middle answer to be considered, not assumed	Hostelworld prices dorm and private from a property-level average, so no room owns that rate, but photographs of that kind at that property are a true sentence	#450 comment on the pricing	open to the agent
2026-09-08T03:35	Read the recording effect myself before trusting the PR	It is a write triggered by results arriving, which is #87's exact shape and green tests cannot see it	visit and visitedQuery are plain let, the loop is inside untrack, only results is a dependency	verified
2026-09-08T03:35	#451 and #452 share no file, so both can land independently	One is app.css and dialogs, the other is ResultCard and the results page	gh pr view --json files	waiting on CI
2026-09-08T04:10	Six PRs merged, main at d7b7a83	#444 #445 #446 #447 #451 #452	git log --oneline origin/main	done
2026-09-08T05:10	Did not merge #453 on a re-run; sent the failure back with evidence	CI failed segment-stub 3 of 3 retries and I reproduced it locally 1 in 6 under contention, so it is a race not a machine	popover open on STOPOVER, .customise-sheet absent from the DOM	fix dispatched
2026-09-08T05:10	Refused to let the picked-bed instrument be relaxed to a bigger number	Its claim is #284's byte saving, not a request count; two surfaces showing photograph one still honour it, a fetch of photograph two would not	requested was FIXTURE-one twice	sent as a question, not an instruction
2026-09-08T05:40	The #453 CI re-run went green and I still did not merge it	I had already reproduced the race locally 1 in 6, so a green re-run is luck rather than evidence	--repeat-each=6 --workers=4 gave 1 flaky	holding for the fix
2026-09-08T05:40	Read the #454 cache-shape proof myself	It is the #131 shape and a test that checks a fresh fetch would prove nothing about people holding the old value	stay-cache-shape.test.ts writes the old value under the old key and runs the shipped adapter	accepted
2026-09-08T05:40	Merge order is 453 then 454, not whichever is green first	454's own notes reference ResultDetail.svelte, which 453 deletes	gh pr view files	planned
2026-09-08T06:35	Merged #453 after the race was diagnosed as the app, not the spec	SegmentStub showed then measured, so the first style pass placed it at 0,0 and it animated across the thumb, and Chromium sent the synthesised click to the common ancestor	panel at 0,4..336,432 over a segment at 418..446, deterministic on the parent commit	merged ae34241
2026-09-08T06:35	Accepted the picked-bed assertion change after it disproved my premise	Three img carry photograph one and one request reaches the network over twelve runs at load 30, so there was no extra fetch to fix	requested.filter(url not FIXTURE-one) is empty	corrected
2026-09-08T06:55	Fixed one of #454's three broken specs myself and handed back the other two	The one I fixed was mechanical (openTimeline now picks the stopover, so asking again cleared it); the other two could be a stale locator or a broken feature and those need a browser	carousel reads 1 / 2 where the spec wants 5	e94885c committed, agent dispatched
2026-09-08T06:55	Held the map agent back rather than running three e2e suites at once	AGENTS.md records this machine hitting load 89.6 with five headless Chromiums and failing specs that had nothing wrong with them	uptime 2.90 now, two suites already queued	staggered
2026-09-08T07:30	Merged #454; eight PRs on main	The room-photo failure was a stale locator, proved by dumping the live DOM ancestry rather than reading the markup	upper carousel 1 / 2 at bed-frame, lower 1 / 5 at stay-open-body	merged bf86599
2026-09-08T07:30	Filed #458 instead of widening #454	Two carousels of one property in one panel is a design question, not a defect in what that PR shipped	StopoverBlock moved to the top of the inspector in #440	filed
2026-09-08T08:15	Merged #460; nine PRs on main	#456 was not a slow frame; Chromium suppresses timer queues for the first 100ms after touchstart, and tap() sends touchStart and touchEnd in the same millisecond, the one press length where the old code is right	40ms press shut, 80/120/160/240ms all open at focusin	merged 82e4884
2026-09-08T08:15	Accepted place() clearing the cap before measuring	Its answer depended on which panel was open before, so two placements from different starting states disagreed	short-above went from -32..391 to 9..405, the two roomy cases byte-identical	accepted
2026-09-08T09:05	Drove the built app on main myself rather than trusting nine green CI runs	AGENTS.md: the PR merged is not the same claim as the acceptance test passes, and that gap is where this project has lost the most time	5 of 5 itineraries BCN to TLL, 4 of 4 BCN to BVC, no fixture markers	verified
2026-09-08T09:05	Found and filed #463 from that run	The heart orphans alone at the left of a wrapped header at 1440 when the stopover name is long; correct at 375	Dusseldorf DUS Germany wraps, Budapest does not	filed
2026-09-08T09:50	Merged #464; eleven PRs on main	#458 shipped none of my three options because the agent found the picker's open card is never a different property	stopover block 523px to 276px at 1440	merged 85179e3
2026-09-08T09:50	Drawing the line after #463, #465 and #466	Every PR surfaces findings and the chain is three deep; these three are direct consequences of tonight's merges, anything past them is the owner's to prioritise	#467 onward would be new ground	final wave
2026-09-08T10:25	Merged #467; twelve PRs on main	I reported one card at one width and the sweep found all five cards failing in four or five bands each, 77 of 1281 widths	header-stamp-heart.spec.ts fails on the parent at 77 widths	merged a1646ff
