ring	points_in	points_out	area_km2	tolerance_km2	kept_for	west	south	east	north
0	15957	429	39133532	600.00	area	-180.000	-85.155	180.000	-63.215
1	66476	1012	25730509	600.00	area	-168.081	-53.810	-34.797	72.002
2	1566	47	559233	600.00	area	43.225	-25.584	50.483	-11.944
3	9462	219	6773959	600.00	area	113.298	-39.136	153.606	-10.745
4	81512	1438	52177940	600.00	area	-17.536	-34.809	180.000	77.706
5	2388	54	267548	600.00	area	46.701	36.583	54.716	47.121
6	894	32	125960	600.00	area	105.454	-8.776	114.597	-5.881
7	108	8	3990	332.54	area	-51.954	-1.450	-51.152	-0.519
8	3613	90	783181	600.00	area	130.960	-10.701	150.693	-0.360
9	556	12	39021	600.00	area	-50.804	-1.817	-48.427	-0.106
10	1792	52	170994	600.00	area	118.772	-5.656	125.249	1.733
11	1443	49	430281	600.00	area	95.199	-5.921	106.073	5.650
12	2359	63	734734	600.00	area	108.855	-4.171	119.267	7.027
13	1069	35	93906	600.00	area	121.937	5.574	126.610	9.681
14	1494	37	101858	600.00	area	119.771	12.557	124.095	18.643
15	976	18	30288	600.00	area	129.564	31.003	132.025	33.966
16	2479	62	174830	600.00	area	130.862	33.551	142.069	41.547
17	626	29	50316	600.00	area	139.787	41.401	145.362	45.510
18	3164	43	56306	600.00	area	-59.399	46.618	-52.617	51.624
19	1032	27	35414	600.00	area	141.661	45.903	144.283	54.421
20	2254	21	30923	600.00	area	-10.461	51.446	-5.537	55.386
21	236	11	825	68.78	airport	-131.820	55.186	-130.969	55.965
22	3707	57	76909	600.00	area	-5.852	49.959	1.771	58.640
23	3063	33	22055	600.00	area	-24.540	63.397	-13.610	66.537
24	1311	25	36580	600.00	area	-180.000	64.331	-170.136	68.982
25	2208	42	171894	600.00	area	-119.051	68.548	-100.872	73.385
26	965	14	30641	600.00	area	51.401	70.565	57.639	73.425
27	10888	109	270618	600.00	area	-90.105	61.858	-61.301	73.812
28	557	16	76595	600.00	area	-125.790	71.085	-115.321	74.556
29	1142	16	69682	600.00	area	53.631	73.252	68.938	76.967
30	15548	179	2941199	600.00	area	-72.895	60.003	-11.396	83.634
31	935	25	70393	600.00	area	-74.489	17.605	-68.356	19.938
32	334	6	2448	204.01	airport	-73.988	40.569	-72.109	41.001
33	1160	16	34363	600.00	area	-102.614	71.272	-96.304	73.861
34	886	13	25942	600.00	area	-102.633	75.014	-97.378	76.637
35	1193	21	65414	600.00	area	-117.510	74.396	-105.390	76.864
36	1569	23	85028	600.00	area	-96.802	74.458	-79.395	76.987
37	1220	15	118738	600.00	area	-96.711	78.182	-84.919	81.162
38	3839	48	611613	600.00	area	-91.949	76.164	-61.312	83.117
39	288	8	2683	223.55	airport	22.856	37.972	24.372	39.042
40	155	7	1183	98.59	airport	25.835	38.967	26.597	39.383
41	207	8	5619	468.28	area	-54.993	69.235	-51.998	70.313
42	54	5	6741	561.76	area	-47.698	82.098	-44.422	82.679
43	1017	15	43111	600.00	area	144.606	-43.640	148.331	-40.705
44	134	12	1324	110.36	airport	-164.958	54.423	-163.369	55.057
45	507	13	35927	600.00	area	137.433	74.658	145.381	76.219
46	1499	21	92430	600.00	area	10.708	76.567	21.522	80.067
47	427	7	38522	600.00	area	93.280	78.822	100.022	80.175
48	703	9	41815	600.00	area	18.194	79.189	27.150	80.423
49	280	7	30308	600.00	area	91.532	79.998	97.944	81.289
50	232	9	6916	576.30	area	124.329	10.152	125.229	11.557
51	350	8	12369	600.00	area	124.276	11.092	125.566	12.578
52	168	6	3479	289.89	area	-24.485	72.121	-21.962	72.840
53	249	12	122929	600.00	area	-54.162	-80.877	-42.972	-77.817
54	577	19	1226	102.13	airport	-70.031	-55.716	-67.980	-54.940
55	105	12	769	64.10	airport	-68.345	-55.307	-67.062	-54.905
56	1166	22	16448	600.00	area	-71.725	-55.051	-65.156	-52.451
57	367	9	5350	445.81	area	-74.401	-43.393	-73.396	-41.799
58	1779	35	98370	600.00	area	-84.521	19.856	-74.214	23.194
59	82	7	4229	352.44	area	-180.000	70.908	-177.443	71.541
60	1739	29	94612	600.00	area	166.490	-46.602	174.292	-40.510
61	1848	36	83427	600.00	area	172.674	-41.610	178.564	-34.398
62	24	6	121	10.06	airport	128.104	-8.282	128.238	-8.209
63	15	6	114	9.50	airport	127.604	-8.238	127.769	-8.155
64	29	7	204	17.03	airport	-48.462	-1.217	-48.297	-1.076
65	37	6	394	32.81	airport	-51.376	-0.461	-51.149	-0.140
66	28	8	134	11.15	airport	119.716	32.082	119.901	32.292
67	16	7	58	4.80	airport	-64.005	10.736	-63.904	10.809
68	26	6	120	10.02	airport	-87.241	30.326	-86.562	30.416
69	33	8	52	4.32	airport	26.848	35.353	27.012	35.438
70	20	7	59	4.93	airport	-28.062	39.019	-27.942	39.105
71	37	14	17	1.41	airport	-7.408	57.405	-7.202	57.490
72	46	12	57	4.72	airport	-52.418	68.566	-51.807	68.647
73	72	10	114	9.49	airport	-56.117	73.403	-55.473	73.578
74	49	7	188	15.68	airport	119.606	-8.802	119.789	-8.621
75	23	6	111	9.24	airport	108.794	-7.773	109.043	-7.679
76	30	8	241	20.09	airport	117.218	3.456	117.506	3.593
77	15	7	91	7.55	airport	115.159	5.252	115.260	5.387
78	26	6	54	4.54	airport	126.698	26.305	126.810	26.391
79	9	7	40	3.35	airport	139.487	34.036	139.575	34.113
80	32	7	178	14.80	airport	152.554	-10.708	152.872	-10.619
81	18	7	94	7.80	airport	63.335	-19.767	63.494	-19.670
82	15	6	49	4.12	airport	163.638	-19.788	163.696	-19.646
83	28	9	59	4.92	airport	177.430	-16.834	177.594	-16.700
84	13	5	53	4.40	airport	121.025	10.820	121.093	10.910
85	27	6	83	6.93	airport	53.903	26.488	54.037	26.565
86	23	6	51	4.26	airport	146.570	-18.770	146.683	-18.682
87	19	6	89	7.39	airport	123.727	9.554	123.868	9.642
88	44	7	42	3.46	airport	26.773	37.105	26.887	37.200
89	40	11	38	3.17	airport	-55.983	53.394	-55.745	53.498
90	37	5	154	12.86	airport	-109.441	-27.201	-109.220	-27.062
91	46	9	267	22.29	airport	-39.046	-13.658	-38.893	-13.389
92	26	8	221	18.40	airport	122.883	-8.586	123.164	-8.426
93	31	5	355	29.62	airport	117.486	-8.364	117.664	-8.148
94	47	6	566	47.13	airport	-89.630	-0.929	-89.257	-0.682
95	36	6	228	18.98	airport	125.674	6.894	125.782	7.192
96	44	8	455	37.95	airport	-69.161	12.043	-68.745	12.392
97	26	6	167	13.89	airport	-70.058	12.418	-69.880	12.632
98	35	7	125	10.38	airport	-71.851	21.746	-71.645	21.856
99	55	8	91	7.61	airport	-72.337	21.749	-72.124	21.862
100	65	10	265	22.11	airport	-73.156	22.288	-72.755	22.460
101	60	6	138	11.54	airport	-111.230	25.824	-111.056	26.072
102	19	9	34	2.86	airport	-74.017	40.699	-73.917	40.878
103	64	11	119	9.95	airport	-56.396	46.784	-56.236	47.114
104	60	9	181	15.09	airport	-128.248	51.747	-127.953	52.066
105	73	10	330	27.51	airport	-127.888	51.953	-127.207	52.426
106	103	15	168	14.03	airport	-130.724	53.846	-130.232	54.081
107	71	14	105	8.73	airport	-131.625	54.995	-131.346	55.274
108	31	10	18	1.47	airport	-133.340	55.776	-133.217	55.907
109	60	12	117	9.74	airport	-133.795	55.903	-133.285	56.160
110	116	14	250	20.82	airport	-132.705	55.915	-132.092	56.350
111	32	10	125	10.41	airport	-133.055	56.236	-132.613	56.462
112	56	12	146	12.13	airport	-132.362	56.119	-131.928	56.495
113	66	11	134	11.16	airport	-132.963	56.497	-132.533	56.826
114	50	15	106	8.82	airport	-135.855	56.990	-135.546	57.329
115	28	20	6	0.51	airport	-148.141	60.004	-147.881	60.157
116	108	12	211	17.62	airport	13.479	68.071	14.159	68.337
117	46	6	287	23.91	airport	-60.848	11.143	-60.523	11.344
118	44	6	308	25.66	airport	-61.750	12.036	-61.603	12.236
119	45	6	265	22.05	airport	-68.417	12.028	-68.190	12.310
120	35	6	435	36.24	airport	-59.654	13.057	-59.430	13.345
121	24	7	322	26.87	airport	-61.271	13.133	-61.138	13.374
122	50	7	590	49.21	airport	-61.078	13.722	-60.892	14.102
123	26	6	147	12.28	airport	-61.332	15.878	-61.198	16.009
124	33	8	144	12.02	airport	-86.601	16.269	-86.182	16.429
125	63	5	271	22.55	airport	-61.894	17.008	-61.672	17.165
126	28	7	168	14.01	airport	-62.861	17.225	-62.625	17.416
127	45	5	162	13.51	airport	-61.873	17.554	-61.736	17.711
128	26	7	204	17.00	airport	-64.876	17.689	-64.559	17.793
129	29	6	144	11.99	airport	-65.565	18.094	-65.310	18.169
130	41	7	105	8.74	airport	-87.966	17.914	-87.857	18.170
131	36	9	126	10.52	airport	-91.823	18.654	-91.532	18.793
132	58	9	211	17.56	airport	-81.398	19.266	-81.087	19.389
133	46	6	449	37.45	airport	-87.008	20.261	-86.735	20.585
134	47	7	198	16.50	airport	-78.299	22.310	-78.067	22.437
135	57	9	314	26.17	airport	-78.680	22.419	-78.282	22.554
136	107	9	449	37.46	airport	-74.184	22.254	-73.852	22.733
137	46	7	253	21.07	airport	-74.352	22.658	-74.016	22.823
138	46	7	170	14.14	airport	-76.029	23.439	-75.675	23.686
139	113	11	421	35.08	airport	-75.312	22.860	-74.840	23.672
140	30	7	143	11.89	airport	-74.558	23.954	-74.427	24.141
141	67	11	387	32.23	airport	-75.757	24.145	-75.290	24.700
142	26	7	174	14.51	airport	-77.562	24.987	-77.264	25.084
143	38	7	117	9.77	airport	-80.451	27.197	-80.167	27.852
144	73	11	50	4.15	airport	-64.880	32.248	-64.656	32.389
145	37	7	105	8.78	airport	-70.278	41.239	-69.958	41.386
146	35	10	152	12.64	airport	-70.846	41.304	-70.507	41.474
147	96	17	229	19.10	airport	-122.751	47.910	-122.347	48.402
148	43	8	81	6.72	airport	-123.178	48.454	-122.965	48.620
149	48	12	74	6.19	airport	-123.026	48.593	-122.746	48.709
150	50	10	153	12.72	airport	-124.664	49.500	-124.123	49.801
151	50	10	104	8.64	airport	-125.336	49.993	-125.163	50.288
152	65	12	120	9.99	airport	-125.394	50.134	-125.049	50.437
153	42	9	167	13.93	airport	-126.603	50.646	-126.186	50.830
154	20	7	241	20.05	airport	-95.870	74.496	-95.267	74.641
155	63	9	368	30.65	airport	-48.565	-27.814	-48.377	-27.389
156	38	5	248	20.66	airport	-48.703	-26.421	-48.489	-26.167
157	24	5	203	16.89	airport	49.826	-17.094	50.024	-16.690
158	28	5	121	10.05	airport	-5.770	-16.016	-5.663	-15.902
159	59	7	282	23.54	airport	48.199	-13.415	48.354	-13.200
160	81	7	374	31.19	airport	45.042	-12.982	45.218	-12.647
161	44	8	441	36.75	airport	44.206	-12.380	44.529	-12.086
162	63	6	421	35.08	airport	39.587	-7.994	39.893	-7.754
163	69	7	164	13.70	airport	55.366	-4.796	55.529	-4.563
164	44	7	173	14.44	airport	40.983	-2.166	41.155	-2.036
165	42	6	157	13.10	airport	7.333	1.531	7.463	1.700
166	26	6	447	37.24	airport	-24.526	14.816	-24.300	15.038
167	46	6	261	21.72	airport	-23.258	15.119	-23.112	15.333
168	45	6	613	51.11	airport	-22.946	15.986	-22.680	16.244
169	40	6	323	26.92	airport	-24.423	16.483	-24.033	16.662
170	43	6	192	15.96	airport	-22.991	16.593	-22.895	16.860
171	39	6	212	17.67	airport	-25.078	16.785	-24.875	16.923
172	40	7	264	21.98	airport	-18.160	27.643	-17.879	27.852
173	19	6	326	27.15	airport	-17.343	28.019	-17.098	28.207
174	41	7	399	33.26	airport	10.736	33.658	11.060	33.896
175	87	11	236	19.68	airport	27.068	35.416	27.233	35.822
176	38	7	202	16.87	airport	14.322	35.801	14.563	35.973
177	38	6	213	17.72	airport	22.900	36.145	23.104	36.383
178	48	10	72	6.02	airport	26.266	36.513	26.459	36.638
179	43	9	123	10.29	airport	24.327	36.651	24.546	36.768
180	39	9	224	18.63	airport	26.918	36.716	27.356	36.908
181	19	7	91	7.60	airport	-25.202	36.934	-25.027	37.021
182	45	7	146	12.20	airport	25.103	36.989	25.280	37.144
183	50	6	322	26.81	airport	25.342	36.918	25.595	37.201
184	35	10	66	5.51	airport	25.307	37.412	25.463	37.508
185	42	7	149	12.38	airport	24.985	37.533	25.246	37.679
186	33	7	197	16.45	airport	25.980	37.519	26.362	37.686
187	71	8	359	29.88	airport	26.580	37.647	27.061	37.809
188	47	8	311	25.90	airport	20.619	37.652	20.987	37.930
189	31	9	345	28.71	airport	-28.549	38.378	-28.054	38.558
190	29	8	130	10.85	airport	-28.842	38.515	-28.596	38.645
191	42	6	189	15.77	airport	-28.316	38.543	-27.761	38.755
192	34	7	331	27.62	airport	-27.392	38.641	-27.043	38.804
193	63	8	222	18.49	airport	20.562	38.604	20.729	38.850
194	63	9	152	12.66	airport	24.455	38.769	24.681	38.981
195	69	7	445	37.10	airport	1.212	38.832	1.623	39.118
196	29	7	136	11.29	airport	-31.281	39.356	-31.133	39.522
197	98	11	428	35.66	airport	19.626	39.371	20.118	39.825
198	135	10	342	28.47	airport	25.033	39.788	25.450	40.023
199	51	7	275	22.94	airport	24.517	40.571	24.782	40.804
200	67	9	152	12.69	airport	10.107	42.722	10.443	42.869
201	56	9	179	14.93	airport	16.372	43.127	17.193	43.229
202	41	7	248	20.67	airport	16.422	43.264	16.892	43.394
203	89	11	248	20.68	airport	14.278	44.622	14.520	45.158
204	74	10	241	20.06	airport	14.425	44.947	14.815	45.250
205	34	8	107	8.91	airport	-1.405	45.814	-1.176	46.053
206	47	9	60	4.98	airport	-2.242	49.171	-2.021	49.267
207	45	7	185	15.45	airport	-1.497	50.589	-1.062	50.773
208	120	13	196	16.37	airport	-174.059	52.025	-172.956	52.145
209	56	14	121	10.06	airport	-166.123	54.036	-165.657	54.219
210	61	15	49	4.11	airport	-165.684	54.111	-165.424	54.296
211	73	10	197	16.40	airport	-4.790	54.064	-4.312	54.414
212	41	20	33	2.75	airport	8.277	54.745	8.654	55.065
213	68	15	95	7.89	airport	9.628	54.860	10.065	55.081
214	47	8	185	15.40	airport	14.684	54.992	15.151	55.309
215	48	10	132	11.04	airport	-5.389	55.435	-5.078	55.723
216	98	12	171	14.26	airport	-6.504	55.583	-6.024	55.941
217	33	14	30	2.54	airport	10.855	57.198	11.189	57.333
218	128	23	72	6.03	airport	-3.367	58.883	-2.707	59.148
219	35	17	4	0.37	airport	-2.830	59.141	-2.728	59.253
220	54	24	7	0.57	airport	-3.077	59.230	-2.830	59.361
221	62	38	4	0.32	airport	-7.432	62.020	-7.038	62.164
222	20	11	10	0.85	airport	-37.217	65.533	-37.025	65.591
223	34	13	41	3.44	airport	12.369	65.880	12.904	66.027
224	115	6	412	34.34	airport	22.897	70.283	23.662	70.552
225	53	7	231	19.22	airport	23.640	70.512	24.128	70.749
226	22	7	157	13.10	airport	-52.161	70.846	-51.566	70.974
227	106	7	321	26.75	airport	25.293	70.932	26.180	71.154
228	27	6	357	29.72	airport	-53.986	71.032	-53.391	71.322
229	56	9	141	11.77	airport	-56.226	72.662	-55.640	72.776
230	82	5	368	30.69	airport	-55.607	72.555	-54.985	72.847
231	28	6	523	43.62	airport	123.036	-8.411	123.331	-8.235
232	64	6	592	49.33	airport	99.531	-2.357	99.859	-2.015
233	61	7	391	32.58	airport	103.903	0.984	104.146	1.181
234	31	6	144	12.01	airport	104.132	2.713	104.223	2.885
235	23	5	239	19.95	airport	117.542	3.272	117.682	3.428
236	41	6	300	25.04	airport	100.192	5.263	100.343	5.468
237	51	8	370	30.82	airport	99.645	6.261	99.916	6.466
238	31	5	145	12.10	airport	99.600	6.492	99.704	6.724
239	80	6	555	46.27	airport	98.254	7.768	98.440	8.192
240	30	5	233	19.39	airport	99.926	9.418	100.080	9.566
241	39	8	552	45.96	airport	103.846	10.030	104.085	10.451
242	42	7	216	18.03	airport	102.250	11.961	102.443	12.153
243	37	7	438	36.53	airport	98.302	12.338	98.465	12.687
244	38	7	351	29.28	airport	97.452	16.210	97.606	16.511
245	67	6	542	45.18	airport	93.642	19.277	93.971	19.559
246	83	6	152	12.64	airport	106.910	20.704	107.094	20.870
247	23	7	341	28.41	airport	-157.055	20.732	-156.804	20.914
248	51	7	209	17.45	airport	107.373	21.060	107.603	21.277
249	43	6	281	23.39	airport	91.848	21.481	91.984	21.781
250	30	8	140	11.64	airport	118.282	24.401	118.450	24.523
251	44	7	191	15.88	airport	124.089	24.342	124.314	24.587
252	28	6	140	11.70	airport	125.259	24.727	125.453	24.877
253	28	6	200	16.70	airport	128.895	27.686	129.024	27.914
254	66	7	371	30.93	airport	121.975	29.934	122.294	30.148
255	26	6	438	36.52	airport	130.376	30.236	130.675	30.468
256	67	9	391	32.59	airport	130.851	30.344	131.088	30.841
257	34	7	169	14.12	airport	130.219	32.395	130.457	32.527
258	66	6	487	40.59	airport	129.975	32.191	130.203	32.522
259	69	6	301	25.09	airport	128.642	32.591	128.899	32.800
260	39	8	119	9.88	airport	129.657	33.698	129.797	33.871
261	51	10	118	9.87	airport	132.186	33.842	132.469	33.950
262	59	5	203	16.90	airport	129.172	34.107	129.343	34.316
263	52	7	478	39.86	airport	134.657	34.191	135.030	34.602
264	91	7	373	31.10	airport	129.272	34.307	129.478	34.701
265	58	9	241	20.08	airport	127.829	34.700	128.070	34.940
266	36	6	187	15.56	airport	133.188	36.158	133.382	36.342
267	45	6	203	16.95	airport	126.370	37.602	126.521	37.824
268	29	6	95	7.91	airport	139.414	42.063	139.549	42.243
269	23	8	107	8.91	airport	141.132	45.102	141.336	45.249
270	91	16	133	11.06	airport	-160.854	55.120	-160.470	55.407
271	17	10	21	1.76	airport	-169.789	56.541	-169.474	56.620
272	38	12	26	2.16	airport	-170.399	57.106	-170.137	57.234
273	48	14	53	4.39	airport	35.505	64.964	35.867	65.173
274	61	6	472	39.31	airport	150.980	-23.778	151.298	-23.445
275	42	7	114	9.46	airport	-174.072	-18.671	-173.915	-18.571
276	27	5	114	9.50	airport	-149.937	-17.568	-149.786	-17.467
277	22	6	168	13.98	airport	-151.495	-16.903	-151.352	-16.748
278	34	5	203	16.90	airport	142.118	-10.749	142.280	-10.598
279	24	6	144	12.01	airport	142.201	-10.260	142.341	-10.139
280	39	8	338	28.16	airport	-139.169	-9.854	-138.818	-9.701
281	21	6	43	3.62	airport	159.174	-9.138	159.236	-9.023
282	35	6	127	10.62	airport	159.041	-9.118	159.195	-8.988
283	37	5	334	27.85	airport	-140.248	-8.927	-140.056	-8.787
284	75	7	534	44.50	airport	157.879	-8.765	158.124	-8.530
285	40	9	251	20.93	airport	150.999	-8.769	151.138	-8.426
286	57	5	372	31.03	airport	157.201	-8.696	157.414	-8.413
287	32	5	377	31.44	airport	127.774	-8.255	128.118	-8.103
288	32	6	225	18.76	airport	155.674	-7.124	155.868	-6.966
289	47	6	648	54.01	airport	120.448	-6.477	120.555	-5.767
290	79	7	418	34.81	airport	132.620	-5.950	132.805	-5.603
291	49	9	605	50.39	airport	132.841	-5.985	133.184	-5.310
292	23	7	208	17.29	airport	152.532	-3.225	152.672	-3.040
293	53	8	185	15.39	airport	130.462	-0.528	130.683	-0.410
294	27	7	141	11.73	airport	104.092	0.799	104.266	0.953
295	113	9	439	36.60	airport	-157.581	1.713	-157.179	2.034
296	47	8	416	34.63	airport	125.442	3.398	125.666	3.737
297	90	9	606	50.51	airport	119.813	5.049	120.253	5.350
298	50	6	340	28.37	airport	158.126	6.793	158.325	6.979
299	25	6	240	19.98	airport	124.647	9.079	124.808	9.239
300	44	7	324	27.01	airport	123.475	9.099	123.722	9.289
301	49	5	410	34.21	airport	125.966	9.775	126.178	10.056
302	51	6	566	47.17	airport	122.482	10.423	122.738	10.762
303	83	7	392	32.63	airport	119.854	11.664	120.067	11.982
304	41	6	308	25.64	airport	123.583	12.343	123.795	12.687
305	21	6	125	10.39	airport	167.419	-22.671	167.531	-22.555
306	59	9	240	20.01	airport	-175.365	-21.268	-175.051	-21.111
307	52	12	151	12.59	airport	166.494	-20.713	166.674	-20.389
308	47	8	547	45.60	airport	169.219	-19.657	169.502	-19.315
309	36	6	209	17.42	airport	-169.950	-19.143	-169.783	-18.965
310	108	10	464	38.68	airport	177.951	-19.155	178.497	-18.925
311	30	8	140	11.69	airport	179.233	-18.119	179.361	-17.945
312	19	7	97	8.12	airport	178.739	-17.747	178.836	-17.629
313	25	7	312	25.96	airport	-180.000	-16.964	-179.821	-16.693
314	67	8	443	36.88	airport	168.120	-16.848	168.481	-16.573
315	34	6	466	38.87	airport	168.120	-15.971	168.268	-15.463
316	22	6	432	36.03	airport	167.682	-15.485	168.002	-15.282
317	40	7	277	23.05	airport	168.091	-15.395	168.192	-14.944
318	22	8	128	10.67	airport	-170.831	-14.375	-170.584	-14.255
319	43	5	298	24.82	airport	167.399	-13.885	167.581	-13.708
320	47	7	516	43.04	airport	165.753	-10.869	166.143	-10.657
321	64	6	350	29.19	airport	134.488	7.361	134.658	7.614
322	66	6	253	21.05	airport	-78.971	8.296	-78.836	8.474
323	49	9	552	45.97	airport	144.626	13.247	144.952	13.654
324	39	7	128	10.70	airport	145.686	15.096	145.801	15.272
325	49	6	522	43.51	airport	50.460	25.790	50.620	26.243
326	34	8	103	8.59	airport	-73.864	45.546	-73.573	45.692
327	69	9	251	20.90	airport	-73.974	45.443	-73.469	45.706
328	19	7	100	8.35	airport	-71.125	46.863	-70.816	47.027
329	88	21	141	11.75	airport	-62.017	47.217	-61.386	47.644
330	28	7	98	8.14	airport	105.585	-10.565	105.715	-10.437
331	67	7	136	11.37	airport	113.839	22.197	114.019	22.311
332	19	7	101	8.43	airport	113.477	22.596	113.636	22.735
333	72	10	218	18.14	airport	175.334	-36.352	175.566	-36.072
334	13	6	38	3.19	airport	134.854	-12.118	134.933	-12.038
335	11	9	26	2.16	airport	122.505	39.255	122.684	39.297
336	33	7	57	4.71	airport	-128.296	52.018	-128.155	52.199
337	9	6	6	0.49	airport	-140.896	-15.838	-140.852	-15.816
338	10	5	3	0.27	airport	171.723	6.079	171.745	6.102
339	20	6	34	2.79	airport	-61.496	12.440	-61.422	12.530
340	23	8	21	1.71	airport	-61.277	12.982	-61.194	13.051
341	9	6	17	1.43	airport	-81.386	13.319	-81.351	13.374
342	16	6	43	3.61	airport	-86.997	16.066	-86.873	16.121
343	10	7	18	1.52	airport	-62.997	17.465	-62.945	17.526
344	11	6	23	1.94	airport	-62.867	17.882	-62.792	17.925
345	19	6	25	2.10	airport	-65.334	18.300	-65.245	18.341
346	10	6	44	3.68	airport	-79.894	19.680	-79.727	19.758
347	9	6	13	1.09	airport	-71.151	21.432	-71.130	21.514
348	24	11	42	3.50	airport	-81.561	21.603	-81.369	21.719
349	27	7	194	16.21	airport	-80.732	28.253	-80.612	28.599
350	20	10	21	1.73	airport	-71.614	41.146	-71.544	41.229
351	33	14	9	0.73	airport	-152.505	57.886	-152.325	57.969
352	24	8	42	3.50	airport	55.677	-4.358	55.777	-4.290
353	16	6	20	1.65	airport	-32.463	-3.881	-32.389	-3.834
354	27	6	126	10.54	airport	8.952	-0.744	9.039	-0.593
355	20	8	36	2.97	airport	-16.398	33.034	-16.275	33.111
356	23	6	33	2.74	airport	23.395	39.132	23.504	39.214
357	12	7	25	2.08	airport	-31.153	39.659	-31.080	39.727
358	19	9	8	0.70	airport	-5.133	48.447	-5.037	48.485
359	10	8	10	0.80	airport	7.133	53.701	7.347	53.729
360	24	12	11	0.91	airport	-6.254	56.031	-6.133	56.125
361	41	25	5	0.41	airport	-2.686	59.073	-2.515	59.162
362	40	18	22	1.84	airport	5.166	59.141	5.317	59.416
363	18	14	1	0.10	airport	-1.651	59.514	-1.582	59.560
364	47	17	22	1.80	airport	5.250	59.759	5.498	59.978
365	53	7	227	18.92	airport	106.752	10.405	106.874	10.666
366	18	7	45	3.76	airport	121.492	22.008	121.589	22.082
367	33	8	183	15.21	airport	90.456	22.712	90.678	22.882
368	13	6	23	1.90	airport	122.939	24.440	123.018	24.474
369	16	6	23	1.92	airport	131.212	25.819	131.277	25.875
370	51	8	85	7.08	airport	126.356	37.421	126.583	37.530
371	16	9	12	0.99	airport	159.044	-31.589	159.106	-31.519
372	26	5	35	2.96	airport	167.918	-29.069	167.996	-28.997
373	11	6	26	2.20	airport	-149.527	-23.400	-149.456	-23.358
374	9	6	36	3.00	airport	-146.392	-16.163	-146.329	-16.100
375	13	5	15	1.28	airport	159.777	-11.324	159.853	-11.284
376	9	6	45	3.72	airport	142.247	-10.641	142.325	-10.573
377	38	8	202	16.81	airport	123.320	-10.337	123.505	-10.158
378	15	10	10	0.86	airport	173.606	0.133	173.641	0.219
379	7	6	11	0.88	airport	-142.640	-17.602	-142.558	-17.533
380	11	6	35	2.89	airport	168.533	-16.938	168.597	-16.877
381	5	5	10	0.84	airport	-145.709	-16.060	-145.614	-16.038
382	18	6	179	14.89	airport	167.072	-15.751	167.234	-15.622
383	10	7	8	0.65	airport	72.173	10.809	72.200	10.878
384	13	6	19	1.60	airport	50.283	29.209	50.335	29.275
385	8	6	6	0.49	airport	-169.676	-14.189	-169.636	-14.169
386	9	8	4	0.31	airport	166.619	19.276	166.652	19.306
387	10	7	6	0.47	airport	127.209	26.577	127.244	26.599
388	16	6	18	1.49	airport	128.396	27.021	128.454	27.066
389	26	8	22	1.83	airport	-123.313	48.732	-123.188	48.817
390	26	8	24	1.97	airport	-123.224	48.762	-123.042	48.833
391	12	7	3	0.27	airport	-2.226	49.703	-2.170	49.731
392	8	7	2	0.14	airport	-6.309	49.910	-6.284	49.935
393	8	8	1	0.11	airport	-18.020	66.533	-17.976	66.564
394	16	7	8	0.63	airport	-61.353	12.694	-61.314	12.734
395	8	5	5	0.39	airport	-71.219	21.311	-71.192	21.341
396	14	8	18	1.50	airport	-71.540	21.489	-71.496	21.563
397	13	7	25	2.05	airport	52.282	24.476	52.339	24.539
398	15	7	30	2.53	airport	125.141	24.804	125.217	24.855
399	16	7	6	0.52	airport	-77.907	25.408	-77.837	25.435
400	26	11	17	1.41	airport	-79.304	25.694	-79.243	25.775
401	8	6	5	0.41	airport	136.798	34.839	136.826	34.876
402	18	5	13	1.06	airport	12.526	35.489	12.624	35.522
403	9	9	3	0.28	airport	-76.573	64.181	-76.472	64.246
404	14	6	134	11.16	airport	123.523	-5.367	123.634	-5.246
405	26	7	175	14.58	airport	-78.216	2.513	-78.097	2.687
406	43	6	118	9.83	airport	125.925	9.575	126.001	9.755
407	29	8	125	10.46	airport	113.402	22.763	113.603	22.912
408	18	7	17	1.41	airport	-56.240	46.753	-56.145	46.808
409	20	10	19	1.56	airport	173.011	1.337	173.172	1.387
410	15	6	58	4.80	airport	-82.328	9.330	-82.232	9.439
411	17	7	59	4.90	airport	-85.947	16.403	-85.817	16.517
412	23	7	96	7.98	airport	-62.230	16.675	-62.141	16.819
413	26	6	87	7.28	airport	-63.144	18.019	-63.011	18.122
414	24	7	77	6.39	airport	-63.142	18.176	-62.973	18.269
415	26	7	78	6.50	airport	-65.041	18.304	-64.840	18.380
416	33	8	61	5.06	airport	-64.683	18.383	-64.527	18.454
417	18	7	31	2.62	airport	-64.443	18.443	-64.326	18.512
418	35	9	73	6.09	airport	-71.346	41.455	-71.221	41.661
419	27	12	43	3.60	airport	-122.938	48.417	-122.808	48.566
420	26	10	47	3.90	airport	-123.698	48.862	-123.327	49.109
421	21	6	89	7.39	airport	-14.418	-7.975	-14.295	-7.878
422	17	6	50	4.15	airport	14.184	36.015	14.334	36.076
423	29	8	61	5.12	airport	25.362	36.336	25.480	36.470
424	22	7	63	5.27	airport	11.922	36.741	12.052	36.836
425	59	8	84	7.02	airport	26.886	36.926	27.041	37.076
426	38	8	61	5.05	airport	24.861	37.364	24.966	37.510
427	26	6	31	2.57	airport	-2.669	49.431	-2.502	49.516
428	22	10	10	0.81	airport	6.660	53.570	6.798	53.620
429	22	8	26	2.19	airport	12.520	55.550	12.674	55.701
430	22	11	21	1.71	airport	-6.990	56.444	-6.742	56.548
431	29	12	18	1.52	airport	-6.702	56.558	-6.453	56.688
432	39	14	16	1.34	airport	-7.557	56.942	-7.382	57.059
433	58	30	8	0.64	airport	-2.693	59.192	-2.392	59.319
434	120	13	200	16.70	airport	-37.987	65.569	-37.272	65.895
435	30	8	442	36.82	airport	-53.170	71.154	-52.328	71.387
436	26	7	226	18.82	airport	-53.478	71.541	-52.777	71.674
437	33	8	161	13.45	airport	-55.692	72.922	-55.068	73.052
438	21	5	363	30.26	airport	-71.303	77.378	-70.246	77.473
439	31	8	101	8.43	airport	98.531	7.920	98.612	8.089
440	33	8	59	4.89	airport	106.560	8.652	106.658	8.767
441	18	5	112	9.29	airport	99.988	9.665	100.090	9.802
442	28	8	108	8.96	airport	92.594	11.359	92.700	11.508
443	30	7	101	8.45	airport	118.072	24.437	118.189	24.556
444	39	8	49	4.12	airport	122.322	29.833	122.408	29.953
445	17	7	69	5.73	airport	139.740	33.047	139.877	33.150
446	15	5	80	6.69	airport	139.356	34.679	139.454	34.797
447	35	8	112	9.30	airport	148.931	-20.329	149.039	-20.151
448	14	6	54	4.54	airport	-178.845	-18.246	-178.749	-18.172
449	31	7	65	5.43	airport	-179.017	-17.295	-178.917	-17.177
450	15	6	62	5.14	airport	-178.178	-14.319	-178.047	-14.233
451	18	5	106	8.85	airport	142.097	-10.182	142.198	-10.050
452	14	6	116	9.66	airport	-140.159	-9.438	-140.028	-9.326
453	25	5	94	7.86	airport	158.154	-8.837	158.247	-8.679
454	9	6	29	2.41	airport	166.913	-0.552	166.958	-0.490
455	22	6	106	8.85	airport	127.359	0.623	127.446	0.757
456	24	6	114	9.50	airport	162.916	5.273	163.043	5.380
457	7	7	11	0.88	airport	166.836	11.145	166.904	11.173
458	23	8	67	5.58	airport	121.922	20.354	122.027	20.488
459	23	6	73	6.11	airport	-174.984	-21.454	-174.909	-21.284
460	18	5	60	4.99	airport	-159.846	-21.254	-159.743	-21.189
461	20	5	102	8.49	airport	179.379	-17.391	179.448	-17.249
462	17	7	39	3.24	airport	177.006	-12.517	177.129	-12.475
463	23	6	95	7.88	airport	145.126	14.111	145.282	14.203
464	22	6	107	8.89	airport	145.578	14.928	145.668	15.082
465	42	8	61	5.09	airport	119.564	23.517	119.668	23.610
466	41	8	176	14.67	airport	-68.435	44.226	-68.185	44.439
467	16	8	35	2.92	airport	73.432	4.162	73.553	4.237
468	11	10	2	0.18	airport	-166.156	66.220	-166.047	66.262
469	14	5	10	0.87	airport	55.012	25.855	55.054	25.893
470	62	6	963	80.26	airport	-90.545	-0.777	-90.188	-0.493
471	44	6	1133	94.40	airport	-51.038	-0.330	-50.627	0.046
472	174	9	4656	388.00	area	-91.436	-1.018	-90.793	0.139
473	139	15	204	17.00	airport	-133.217	54.677	-132.671	55.251
474	351	23	486	40.52	airport	-134.409	56.044	-133.706	56.942
475	212	14	666	55.48	airport	-134.018	56.462	-132.934	57.090
476	395	16	887	73.91	airport	-134.971	57.010	-133.888	58.386
477	238	25	338	28.15	airport	-153.188	57.992	-151.972	58.484
478	76	8	312	25.96	airport	161.073	68.980	161.518	69.546
479	80	9	1017	84.76	airport	-64.409	10.868	-63.788	11.179
480	133	7	1067	88.92	airport	-61.171	14.462	-60.810	14.876
481	75	6	707	58.93	airport	-61.472	15.205	-61.257	15.634
482	57	6	812	67.65	airport	-61.771	15.949	-61.549	16.349
483	62	6	610	50.83	airport	-61.544	16.202	-61.188	16.512
484	75	7	1476	122.97	airport	-73.703	20.912	-73.053	21.329
485	95	6	2095	174.59	airport	-83.079	21.445	-82.541	21.882
486	96	13	494	41.13	airport	-76.769	24.658	-76.113	25.564
487	84	6	2411	200.88	airport	55.287	-21.325	55.855	-20.875
488	83	7	1786	148.83	airport	57.371	-20.507	57.796	-19.994
489	58	7	1009	84.12	airport	43.263	-11.932	43.499	-11.380
490	106	6	1558	129.84	airport	39.177	-6.463	39.525	-5.718
491	54	6	887	73.90	airport	6.462	0.034	6.761	0.411
492	78	5	1995	166.27	airport	8.469	3.197	8.958	3.761
493	95	6	933	77.72	airport	-23.772	14.919	-23.443	15.333
494	52	6	712	59.31	airport	-25.317	16.917	-24.971	17.197
495	75	7	1362	113.48	airport	-15.816	27.734	-15.378	28.167
496	85	7	1744	145.35	airport	-16.916	27.997	-16.141	28.583
497	70	6	1424	118.65	airport	-14.301	28.068	-13.836	28.717
498	42	6	613	51.09	airport	-18.002	28.455	-17.721	28.856
499	64	5	715	59.55	airport	-13.860	28.859	-13.418	29.209
500	50	9	616	51.36	airport	-17.252	32.647	-16.690	32.868
501	89	7	1101	91.77	airport	27.684	35.890	28.236	36.455
502	37	8	613	51.10	airport	-25.859	37.707	-25.159	37.912
503	106	9	562	46.83	airport	20.339	38.066	20.798	38.474
504	100	8	635	52.91	airport	25.849	38.157	26.164	38.604
505	154	7	2636	219.69	airport	2.358	39.269	3.474	39.969
506	67	7	490	40.83	airport	3.822	39.822	4.300	40.079
507	140	14	308	25.66	airport	-176.917	51.602	-176.416	51.980
508	221	16	426	35.46	airport	-175.035	52.004	-173.992	52.418
509	152	12	666	55.53	airport	-169.040	52.854	-167.807	53.570
510	397	18	976	81.30	airport	-167.850	53.260	-166.225	54.008
511	222	8	902	75.17	airport	9.676	55.030	10.797	55.616
512	166	15	228	19.03	airport	-6.338	56.277	-5.658	56.645
513	130	13	308	25.67	airport	16.399	56.229	17.125	57.319
514	205	17	628	52.36	airport	18.099	56.922	19.085	57.918
515	361	18	387	32.26	airport	-7.126	57.735	-6.161	58.512
516	200	37	48	3.96	airport	19.647	60.074	20.278	60.406
517	417	52	73	6.05	airport	-1.670	59.882	-1.049	60.611
518	139	11	246	20.51	airport	14.198	68.153	15.172	68.454
519	361	12	1125	93.71	airport	15.009	68.300	16.577	68.959
520	212	13	447	37.28	airport	14.370	68.579	15.336	69.013
521	65	10	271	22.58	airport	15.425	68.884	16.102	69.315
522	129	12	452	37.65	airport	17.995	69.531	19.033	69.886
523	77	7	415	34.61	airport	-51.341	69.538	-50.668	69.887
524	89	7	431	35.91	airport	18.729	69.788	19.582	70.079
525	270	9	552	45.98	airport	22.011	70.483	23.329	70.779
526	153	6	4641	386.79	area	116.002	-8.899	116.743	-8.202
527	122	5	3870	322.48	area	98.594	-1.772	99.255	-0.913
528	88	9	1102	91.81	airport	104.232	0.835	104.655	1.220
529	40	6	514	42.82	airport	103.648	1.268	104.000	1.449
530	123	5	1705	142.06	airport	95.698	2.364	96.481	2.943
531	98	8	1669	139.05	airport	107.985	3.684	108.391	4.245
532	373	6	4181	348.41	area	92.560	11.494	92.991	13.236
533	142	11	1151	95.95	airport	127.652	26.084	128.338	26.801
534	104	6	592	49.31	airport	129.146	28.123	129.688	28.509
535	61	7	1513	126.10	airport	126.171	33.200	126.939	33.564
536	54	9	664	55.37	airport	138.248	37.798	138.575	38.323
537	132	11	980	81.64	airport	145.410	43.716	146.572	44.506
538	180	14	1839	153.22	airport	146.873	44.421	148.844	45.498
539	235	18	477	39.71	airport	21.868	57.914	23.318	58.635
540	108	16	159	13.22	airport	22.056	58.687	23.041	59.090
541	62	5	3934	327.82	area	91.073	79.673	93.724	80.049
542	116	12	472	39.29	airport	-176.664	-44.122	-176.169	-43.708
543	85	7	971	80.91	airport	147.758	-40.271	148.307	-39.712
544	76	8	789	65.73	airport	143.838	-40.127	144.145	-39.571
545	168	8	3463	288.55	area	136.582	-36.083	138.065	-35.586
546	69	10	1529	127.41	airport	152.948	-25.797	153.374	-24.694
547	46	8	990	82.49	airport	-149.604	-17.869	-149.183	-17.526
548	114	9	1026	85.54	airport	139.178	-16.725	139.734	-16.398
549	213	8	2250	187.50	airport	136.425	-14.299	136.924	-13.648
550	77	6	1608	133.97	airport	-172.783	-13.805	-172.201	-13.463
551	84	7	644	53.69	airport	160.003	-11.845	160.582	-11.461
552	186	7	5734	477.80	area	130.366	-11.926	131.530	-11.208
553	77	7	1263	105.21	airport	122.813	-10.921	123.420	-10.433
554	98	5	2147	178.93	airport	124.418	-8.465	125.123	-8.149
555	152	7	2013	167.74	airport	157.228	-8.583	157.886	-7.960
556	27	6	669	55.72	airport	156.947	-8.149	157.191	-7.851
557	67	5	686	57.17	airport	156.504	-7.939	156.815	-7.569
558	194	6	3247	270.56	area	131.086	-8.018	131.643	-7.109
559	97	6	4415	367.95	area	112.726	-7.234	114.125	-6.865
560	59	9	685	57.09	airport	127.912	-3.772	128.335	-3.505
561	131	6	4490	374.14	area	107.631	-3.241	108.267	-2.561
562	154	7	1855	154.61	airport	146.572	-2.228	147.423	-1.947
563	246	9	11756	600.00	area	105.154	-3.094	106.833	-1.526
564	106	8	2613	217.76	airport	135.370	-1.223	136.196	-0.636
565	298	7	3191	265.89	area	130.232	-0.442	131.297	-0.004
566	135	6	4141	345.10	area	97.064	0.573	97.939	1.545
567	61	6	1241	103.41	airport	121.814	6.405	122.335	6.741
568	103	6	3721	310.07	area	123.809	9.607	124.589	10.144
569	122	6	754	62.86	airport	125.497	9.881	125.715	10.456
570	124	6	933	77.76	airport	119.885	12.001	120.340	12.323
571	205	6	3159	263.25	area	123.181	11.726	124.055	12.595
572	54	7	692	57.67	airport	121.921	12.156	122.136	12.642
573	90	8	1452	120.98	airport	124.026	13.530	124.418	14.092
574	43	5	3254	271.13	area	-19.357	79.686	-17.277	80.091
575	110	5	3424	285.36	area	-67.707	-80.086	-65.463	-79.526
576	70	6	3562	296.86	area	-76.126	-73.615	-74.219	-72.820
577	53	9	632	52.67	airport	167.808	-21.658	168.137	-21.336
578	93	10	1090	90.81	airport	167.021	-21.179	167.391	-20.672
579	93	8	849	70.72	airport	168.175	-17.823	168.585	-17.534
580	44	5	666	55.54	airport	167.921	-16.362	168.288	-16.080
581	55	7	1107	92.27	airport	-172.044	-14.052	-171.441	-13.805
582	72	7	873	72.73	airport	120.872	5.859	121.421	6.097
583	99	6	3555	296.25	area	53.396	12.335	54.471	12.701
584	90	10	1293	107.78	airport	55.298	26.544	56.194	27.002
585	210	15	537	44.76	airport	-80.026	55.825	-79.052	56.544
586	37	5	4253	354.40	area	-163.729	-81.599	-160.571	-81.270
587	729	11	65798	600.00	area	79.732	5.924	81.881	9.530
588	671	9	32034	600.00	area	108.627	18.169	110.997	20.011
589	406	11	32732	600.00	area	120.059	21.905	122.005	25.271
590	431	18	1152	96.02	airport	-132.566	52.124	-131.024	53.252
591	393	15	2289	190.74	airport	-133.144	53.157	-131.668	54.165
592	653	16	1973	164.39	airport	-133.615	54.699	-131.949	56.353
593	338	15	970	80.87	airport	-135.675	56.175	-134.616	57.554
594	723	21	2020	168.36	airport	-154.727	56.741	-152.147	58.010
595	421	17	1039	86.62	airport	-136.431	57.394	-134.820	58.274
596	150	7	4781	398.43	area	-61.929	10.056	-60.907	10.837
597	236	5	8366	600.00	area	-67.112	17.950	-65.629	18.523
598	254	8	10517	600.00	area	-78.375	17.717	-76.188	18.519
599	157	8	1278	106.51	airport	-77.942	23.731	-77.517	24.303
600	172	8	3234	269.48	area	-78.443	24.289	-77.728	25.185
601	878	13	15594	600.00	area	-128.320	48.313	-123.399	50.870
602	119	7	4282	356.87	area	-77.323	67.243	-75.065	68.263
603	193	7	12492	600.00	area	-80.806	72.817	-76.243	73.720
604	154	6	10598	600.00	area	-113.241	77.326	-109.686	78.104
605	226	5	12115	600.00	area	-98.149	77.973	-94.828	78.819
606	390	9	6501	541.77	area	23.518	34.932	26.241	35.586
607	202	10	7307	600.00	area	32.287	34.657	34.573	35.644
608	357	9	19189	600.00	area	12.427	36.659	15.513	38.298
609	581	10	16851	600.00	area	8.233	38.878	9.827	41.263
610	401	7	5783	481.94	area	8.549	41.373	9.553	42.832
611	475	14	2229	185.79	airport	10.960	54.694	12.622	56.129
612	436	12	14413	600.00	area	116.763	-9.107	119.042	-8.114
613	380	13	14240	600.00	area	119.804	-8.926	122.951	-8.203
614	105	9	1800	149.98	airport	-156.666	20.587	-156.002	21.003
615	56	6	643	53.60	airport	-157.273	21.053	-156.706	21.222
616	149	7	1460	121.65	airport	-158.279	21.255	-157.647	21.705
617	101	6	1356	112.97	airport	-159.760	21.869	-159.293	22.235
618	74	6	6520	543.30	area	140.493	73.177	143.407	73.917
619	168	6	9150	600.00	area	146.072	74.804	150.859	75.421
620	171	8	11474	600.00	area	20.880	77.264	24.425	78.256
621	106	5	3388	282.34	area	20.183	78.200	22.271	78.589
622	122	5	3825	318.73	area	45.095	80.440	48.275	80.831
623	268	5	8739	600.00	area	46.650	80.070	49.631	80.640
624	157	8	5304	442.03	area	159.599	-9.937	160.785	-9.248
625	297	11	28565	600.00	area	123.469	-10.356	127.313	-8.309
626	207	8	8718	600.00	area	154.756	-6.873	155.917	-5.541
627	38	7	603	50.21	airport	154.536	-5.459	154.726	-5.013
628	708	19	35902	600.00	area	148.386	-6.299	152.412	-4.177
629	302	14	17436	600.00	area	127.842	-3.865	130.873	-2.785
630	470	18	18333	600.00	area	127.406	-0.909	128.861	2.172
631	200	9	12771	600.00	area	122.395	9.035	123.576	10.996
632	158	8	4454	371.16	area	123.314	9.508	124.075	11.269
633	573	13	11363	600.00	area	117.198	8.335	119.725	11.423
634	248	8	11429	600.00	area	121.950	10.433	123.175	11.934
635	331	8	23502	600.00	area	-66.701	-80.960	-59.819	-79.769
636	233	11	10780	600.00	area	-102.292	-72.584	-95.515	-71.761
637	778	23	38581	600.00	area	-75.356	-72.674	-68.299	-68.787
638	682	9	15418	600.00	area	163.992	-22.396	167.029	-20.083
639	157	8	3953	329.44	area	166.523	-15.656	167.233	-14.635
640	207	7	3660	305.01	area	158.452	-8.542	159.842	-7.532
641	518	9	6149	512.45	area	-61.541	45.566	-59.811	47.034
642	450	13	3294	274.51	area	-64.417	45.972	-61.977	47.067
643	142	9	3928	327.35	area	-64.425	49.068	-61.707	49.950
644	135	6	20871	600.00	area	-164.327	-79.855	-159.070	-78.706
645	75	6	5051	420.91	area	166.166	-77.696	169.144	-77.161
646	137	6	6261	521.73	area	-123.066	-74.348	-120.376	-73.675
647	199	6	6379	531.57	area	-127.303	-74.263	-124.007	-73.318
648	17	6	53	4.38	airport	123.933	10.254	124.044	10.324
649	17	9	29	2.38	airport	50.602	26.203	50.684	26.287
650	11	6	15	1.27	airport	162.451	-10.852	162.490	-10.807
651	13	6	6	0.51	airport	142.163	-9.975	142.199	-9.944
652	9	7	5	0.40	airport	143.755	-9.602	143.783	-9.573
653	12	6	12	1.02	airport	143.185	-9.103	143.231	-9.070
654	23	8	11	0.94	airport	110.455	-5.837	110.492	-5.778
655	22	6	21	1.72	airport	100.543	4.198	100.581	4.269
656	6	6	2	0.16	airport	165.991	10.162	166.006	10.183
657	15	9	4	0.33	airport	-88.039	17.728	-88.024	17.779
658	16	8	9	0.73	airport	119.914	26.139	119.964	26.169
659	25	9	7	0.61	airport	119.965	26.192	120.014	26.233
660	20	7	8	0.65	airport	29.559	36.121	29.603	36.167
661	10	7	2	0.14	airport	15.478	42.101	15.497	42.125
662	20	8	5	0.43	airport	-122.839	48.482	-122.789	48.525
663	21	11	4	0.30	airport	-123.236	48.660	-123.172	48.691
664	14	7	6	0.52	airport	-123.066	48.677	-123.008	48.722
665	30	8	13	1.07	airport	-123.338	48.814	-123.232	48.872
666	28	23	1	0.09	airport	6.016	62.530	6.135	62.591
667	44	12	2	0.21	airport	12.077	67.497	12.164	67.534
668	473	11	14925	600.00	area	132.381	32.815	134.751	34.386
669	404	7	7624	600.00	area	-99.591	68.448	-95.210	69.896
670	87	10	941	78.39	airport	-78.998	26.498	-77.972	26.739
671	151	12	1166	97.13	airport	-77.511	25.916	-77.015	26.870
672	129	6	5079	423.28	area	-106.600	72.853	-104.501	73.757
673	291	6	10278	600.00	area	-96.469	74.654	-93.499	75.604
674	125	5	4695	391.28	area	-95.988	77.464	-93.208	77.811
675	137	5	6606	550.48	area	-113.214	78.308	-109.424	78.766
676	168	8	10741	600.00	area	118.942	-10.310	120.827	-9.288
677	216	20	365	30.46	airport	-167.436	59.762	-165.555	60.431
678	294	25	485	40.45	airport	-171.853	62.966	-168.715	63.791
679	96	5	6665	555.40	area	59.242	80.405	62.068	80.880
680	192	6	3033	252.73	area	161.396	-10.814	162.272	-10.204
681	179	8	3836	319.64	area	160.594	-9.509	161.381	-8.310
682	205	8	3923	326.88	area	134.288	-6.370	134.772	-5.448
683	101	7	8651	600.00	area	125.992	-3.859	127.269	-3.074
684	338	8	6960	579.98	area	150.893	-4.848	153.137	-2.675
685	232	7	9680	600.00	area	120.357	12.214	121.549	13.518
686	108	5	15897	600.00	area	-71.816	-79.697	-66.606	-78.364
687	160	8	2029	169.06	airport	167.147	-16.587	167.844	-15.891
688	138	6	2860	238.35	airport	156.461	-7.414	157.442	-6.603
689	66	5	5540	461.66	area	62.530	80.683	65.446	81.137
690	387	6	5515	459.60	area	178.572	-16.999	179.851	-16.291
691	641	17	7343	600.00	area	-87.175	63.123	-80.193	65.924
692	18	7	47	3.88	airport	-64.038	67.507	-63.789	67.655
693	502	11	27779	600.00	area	-95.725	71.966	-90.196	74.173
694	693	10	28933	600.00	area	-122.832	75.859	-115.893	77.562
695	406	8	27083	600.00	area	-105.408	77.864	-99.017	79.363
696	309	12	3287	273.92	area	68.791	-49.710	70.522	-48.658
697	48	9	124	10.31	airport	-53.122	68.571	-52.128	68.708
698	53	8	161	13.45	airport	22.374	70.249	23.001	70.386
699	54	5	241	20.07	airport	-55.638	72.149	-55.013	72.382
700	96	8	5403	450.27	area	114.452	-8.820	115.714	-8.060
701	97	6	2032	169.32	airport	116.013	-4.067	116.306	-3.219
702	37	7	1392	116.04	airport	101.394	1.709	101.776	2.109
703	121	6	9934	600.00	area	-156.060	19.029	-154.817	20.263
704	363	5	26786	600.00	area	99.268	78.042	105.175	79.371
705	80	7	11595	600.00	area	137.638	-8.426	139.076	-7.374
706	181	9	4372	364.36	area	122.567	-5.676	123.213	-4.475
707	68	6	1638	136.48	airport	130.649	-1.349	131.076	-0.890
708	526	15	2691	224.24	airport	-59.714	-52.310	-57.734	-51.279
709	319	7	10405	600.00	area	177.336	-18.248	178.664	-17.301
710	18	9	68	5.65	airport	-81.897	69.344	-81.486	69.434

#displacement	median 2.14 km	p75 6.8 km	over 2097 coastal airports

#stranded	iata	name	km_to_nearest_kept_land
#stranded	DIO	Diomede Heliport	no land within half a degree
#stranded	HPA	Lifuka Island Airport	no land within half a degree
#stranded	NTT	Kuini Lavenia Airport	no land within half a degree
#stranded	WLS	Hihifo Airport	no land within half a degree
#stranded	MFJ	Moala Airport	7998.30
#stranded	FTA	Futuna Airport	7272.61
#stranded	FUN	Funafuti International Airport	7019.62
#stranded	AIT	Aitutaki Airport	6966.00
#stranded	AIU	Enua Airport	6908.05
#stranded	MOI	Mitiaro Island Airport	6870.46
#stranded	MUK	Mauke Airport	6861.90
#stranded	RMT	Rimatara Airport	6690.33
#stranded	RUR	Rurutu Airport	6580.39
#stranded	MHX	Manihiki Island Airport	6571.67
#stranded	RVV	Raivavae Airport	6442.68
#stranded	MAU	Maupiti Airport	6259.89
#stranded	MVT	Mataiva Airport	5898.58
#stranded	TIH	Tikehau Airport	5881.68
#stranded	AAA	Anaa Airport	5839.83
#stranded	RGI	Rangiroa Airport	5829.59
#stranded	APK	Apataki Airport	5780.00
#stranded	AXR	Arutua Airport	5772.57
#stranded	AHE	Ahe Airport	5690.25
#stranded	XMH	Manihi Airport	5676.97
#stranded	MKP	Makemo Airport	5657.74
#stranded	TKP	Takapoto Airport	5635.32
#stranded	TKX	Takaroa Airport	5601.51
#stranded	GMR	Totegegie Airport	5594.90
#stranded	HOI	Hao Airport	5594.46
#stranded	BBG	Butaritari Airport	5579.78
#stranded	RRR	Raroia Airport	5538.29
#stranded	TKV	Tatakoto Airport	5384.19
#stranded	FHZ	Fakahina Airport	5381.46
#stranded	NAU	Napuka Island Airport	5314.84
#stranded	PKP	Puka Puka Airport	5200.64
#stranded	KIO	Kili Airport	5187.80
#stranded	UIT	Jaluit Airport	5174.74
#stranded	MAJ	Marshall Islands International Airport	5105.06
#stranded	AUL	Aur Island Airport	4987.06
#stranded	JEJ	Jeh Airport	4976.88
#stranded	MJE	Majkin Airport	4889.60
#stranded	KWA	Bucholz Army Air Field	4817.22
#stranded	WTE	Wotje Airport	4815.24
#stranded	LIK	Likiep Airport	4745.68
#stranded	UJE	Ujae Atoll Airport	4744.71
#stranded	UTK	Utirik Airport	4614.12
#stranded	ENT	Eniwetok Airport	4415.21
#stranded	TKK	Chuuk International Airport	3952.95
#stranded	YAP	Yap International Airport	2691.54
#stranded	CCK	Cocos (Keeling) Islands Airport	1676.38
#stranded	GAN	Gan International Airport	1084.18
#stranded	FMT	Faresmaathoda Airport	995.21
#stranded	KDM	Kaadedhdhoo Airport	977.61
#stranded	RUL	Maavaarulaa Airport	964.41
#stranded	GKK	Kooddoo Airport	930.21
#stranded	KDO	Kadhdhoo Airport	816.75
#stranded	TMF	Thimarafushi Airport	803.85
#stranded	VAM	Villa International Airport Maamigili	712.11
#stranded	DRV	Dharavandhoo Airport	556.60
#stranded	NMF	Maafaru International Airport	480.57
#stranded	FND	Funadhoo Airport	471.24
#stranded	HDK	Kulhudhuffushi Airport	459.82
#stranded	HRF	Hoarafushi Airport	457.03
#stranded	HAQ	Hanimaadhoo International Airport	443.80
#stranded	NBN	Annobón Airport	353.68
#stranded	ADZ	Gustavo Rojas Pinilla International Airport	205.50
#stranded	LRV	Los Roques Airport	147.64
#stranded	EYW	Key West International Airport	92.47
#stranded	CNC	Coconut Island Airport	91.62
#stranded	VRY	Værøy Heliport	79.54
#stranded	KKR	Kaukura Airport	72.56
#stranded	UAH	Ua Huka Airport	68.88
#stranded	ICI	Cicia Airport	62.62
#stranded	RNI	Corn Island Airport	61.48
#stranded	KHZ	Kauehi Airport	60.09
#stranded	XMY	Yam Island Airport	57.47
#stranded	SYU	Warraber Island Airport	53.11
#stranded	HGL	Helgoland-Düne Airport	51.29
#stranded	MYI	Murray Island Airport	46.54
#stranded	BOB	Bora Bora Airport	44.74
#stranded	JAF	Jaffna International Airport	43.73
#stranded	OKR	Yorke Island Airport	42.65
#stranded	HUH	Huahine-Fare Airport	40.06
#stranded	OKE	Okinoerabu Airport	37.53
#stranded	MNY	Mono Airport	37.40
#stranded	MNF	Mana Island Airport	37.38
#stranded	TRA	Tarama Airport	37.25
#stranded	TGJ	Tiga Airport	30.70
#stranded	KKX	Kikai Airport	30.68
#stranded	SAB	Juancho E. Yrausquin Airport	27.14
#stranded	EJT	Enejit Airport	26.85
#stranded	OCS	Corisco International Airport	26.81
#stranded	FOA	Foula Airfield	24.94
#stranded	PTF	Malolo Lailai Island Airport	24.11
#stranded	QJE	Kitsissuarsuit Heliport	23.55
#stranded	FTI	Fitiuta Airport	23.27
#stranded	JFR	Paamiut Airport	22.01
#stranded	OTZ	Ralph Wien Memorial Airport	20.98
#stranded	PSD	Port Said International Airport	20.53
#stranded	SVR	Savissivik Heliport	20.10
#stranded	OTD	Raul Arias Espinoza Airport	20.10
#stranded	LEQ	Land's End Airport	19.45
#stranded	RKD	Knox County Regional Airport	18.83
#stranded	IOR	Inishmore Aerodrome	18.77
#stranded	KGE	Kaghau Airport	18.33
#stranded	QOQ	Saarloq Heliport	18.19
#stranded	MTP	Montauk Airport	17.84
#stranded	QPW	Kangaatsiaq Heliport	17.66
#stranded	TFI	Tufi Airport	17.49
#stranded	WBB	Stebbins Airport	17.38
#stranded	IIA	Inishmaan Aerodrome	16.52
#stranded	GOH	Nuuk International Airport	16.21
#stranded	IUI	Innarsuit Heliport	15.85
#stranded	SLZ	Marechal Cunha Machado International Airport	15.71
#stranded	HIS	Hayman Island Resort Seaplane Base	14.84
#stranded	QJH	Qassimiut Heliport	14.54
#stranded	BEL	Val de Cans/Júlio Cezar Ribeiro International Airport	14.49
#stranded	YXN	Whale Cove Airport	14.35
#stranded	KVG	Kavieng Airport	14.22
#stranded	GZO	Nusatupe Airport	14.11
#stranded	YDP	Nain Airport	13.82
#stranded	SNC	General Ulpiano Paez International Airport	13.68
#stranded	AKY	Sittwe Airport	13.04
#stranded	ZUH	Zhuhai Jinwan Airport	12.97
#stranded	GST	Gustavus Airport	12.91
#stranded	TQA	Tasiusaq Heliport	12.71
#stranded	LAU	Manda Airport	12.57
#stranded	MQS	Mustique Airport	12.43
#stranded	TKS	Tokushima Awaodori Airport / JMSDF Tokushima Air Base	12.29
#stranded	RVK	Rørvik Airport, Ryum	11.90
#stranded	INQ	Inisheer Aerodrome	11.86
#stranded	SVU	Savusavu Airport	11.86
#stranded	RUS	Marau Airport	11.83
#stranded	CKY	Ahmed Sékou Touré International Airport	11.83
#stranded	JNN	Nanortalik Heliport	11.81
#stranded	FKQ	Fakfak Airport	11.76
#stranded	DSD	La Désirade Airport	11.70
#stranded	KYP	Kyaukpyu Airport	11.69
#stranded	NCA	North Caicos Airport	11.60
#stranded	JHS	Sisimiut Airport	11.33
#stranded	QGQ	Attu Heliport	11.02
#stranded	SUG	Surigao Airport	10.81
#stranded	KGQ	Kangersuatsiaq Heliport	10.80
#stranded	UMD	Uummannaq Heliport	10.64
#stranded	SMK	St Michael Airport	10.54
#stranded	KTD	Kitadaito Airport	10.53
#stranded	PHO	Point Hope Airport	10.36
#stranded	KUV	Gunsan Airport / Gunsan Air Base	10.34
#stranded	RXS	Roxas Airport	10.30
#stranded	ELV	Elfin Cove Seaplane Base	10.28
#stranded	BNN	Brønnøysund Airport, Brønnøy	9.98
#stranded	FCN	Sea-Airport Cuxhaven/Nordholz / Nordholz Naval Airbase	9.90
#stranded	QRY	Ikerassaarsuk Heliport	9.72
#stranded	YUX	Hall Beach Airport	9.71
#stranded	KTG	Rahadi Osman Airport	9.54
#stranded	YWH	Victoria Harbour Seaplane Base	9.49
#stranded	TCO	La Florida Airport	9.39
#stranded	TWT	Sanga Sanga Airport	9.35
#stranded	KEF	Keflavik International Airport	9.26
#stranded	JJU	Qaqortoq Airport	9.18
#stranded	VIL	Dakhla Airport	9.16
#stranded	PBJ	Tavie Airport	8.95
#stranded	MFM	Macau International Airport	8.91
#stranded	BHY	Beihai Fucheng Airport	8.90
#stranded	QFG	Eqalugaarsuit Heliport	8.76
#stranded	TZA	Sir Barry Bowen Municipal Airport	8.54
#stranded	JUK	Ukkusissat Heliport	8.49
#stranded	PZE	Penzance Heliport	8.45
#stranded	MLW	Spriggs Payne Airport	8.41
#stranded	KSU	Kristiansund Airport, Kvernberget	8.30
#stranded	GEA	Nouméa Magenta Airport	8.29
#stranded	TTE	Sultan Babullah Airport	8.18
#stranded	JCU	Ceuta Heliport	8.10
#stranded	ZLT	La Tabatière Airport	8.07
#stranded	JQA	Qaarsut Airport	8.03
#stranded	UNI	Union Island International Airport	7.98
#stranded	JSH	Sitia Airport	7.90
#stranded	LLA	Luleå Airport	7.81
#stranded	AOQ	Aappilattoq Heliport	7.65
#stranded	GIC	Boigu Island Airport	7.57
#stranded	NLG	Nelson Lagoon Airport	7.53
#stranded	CHY	Choiseul Bay Airport	7.51
#stranded	KCG	Chignik Airport	7.50
#stranded	GIB	Gibraltar Airport	7.48
#stranded	LKA	Larantuka Gewayentana Airport	7.44
#stranded	OTS	Anacortes Airport	7.36
#stranded	PPS	Puerto Princesa International Airport / PAF Antonio Bautista Air Base	7.30
#stranded	DZA	Dzaoudzi Pamandzi International Airport	7.27
#stranded	JAV	Ilulissat Airport	7.22
#stranded	LRH	La Rochelle Île de Ré Airport	7.15
#stranded	YBC	Baie-Comeau Airport	7.10
#stranded	AGE	Wangerooge Airport	7.02
#stranded	XIQ	Ilimanaq Heliport	6.92
#stranded	SUB	Juanda International Airport	6.81
#stranded	JSU	Maniitsoq Airport	6.59
#stranded	PMO	Falcone–Borsellino Airport	6.59
#stranded	HYG	Hydaburg Seaplane Base	6.58
#stranded	DLM	Dalaman International Airport	6.56
#stranded	BAS	Ballalae Airport	6.51
#stranded	FRE	Fera/Maringe Airport	6.50
#stranded	BGO	Bergen Airport, Flesland	6.48
#stranded	NRR	José Aponte de la Torre Airport	6.44
#stranded	ASJ	Amami Airport	6.39
#stranded	DSI	Destin Executive Airport	6.35
#stranded	OIT	Oita Airport	6.33
#stranded	YQQ	Comox Valley International Airport / CFB Comox	6.23
#stranded	HDF	Heringsdorf Airport	6.20
#stranded	SBR	Saibai Island Airport	6.06
#stranded	YEK	Arviat Airport	6.01
#stranded	JUI	Juist Airport	5.86
#stranded	SJI	San Jose Airport	5.81
#stranded	HKN	Hoskins Airport	5.63
#stranded	FTU	Tôlanaro Airport	5.60
#stranded	JUV	Upernavik Airport	5.55
#stranded	GZP	Gazipaşa-Alanya Airport	5.54
#stranded	NRL	North Ronaldsay Airport	5.52
#stranded	EXI	Excursion Inlet Seaplane Base	5.48
#stranded	KIN	Norman Manley International Airport	5.41
#stranded	KUD	Kudat Airport	5.37
#stranded	DPL	Dipolog Airport	5.36
#stranded	YZV	Sept-Îles Airport	5.33
#stranded	DSY	Dara Sakor International Airport	5.30
#stranded	BEY	Beirut Rafic Hariri International Airport	5.29
#stranded	GND	Maurice Bishop International Airport	5.29
#stranded	HBT	Hambantota Seaplane Base	5.21
#stranded	JCH	Qasigiannguit Heliport	5.17
#stranded	HKD	Hakodate Airport	5.12
#stranded	PLJ	Placencia Airport	5.02
#stranded	CWL	Cardiff International Airport	4.93
#stranded	BTI	Barter Island Long Range Radar Station Airport	4.93
#stranded	KIE	Aropa Airport	4.92
#stranded	NOD	Norden-Norddeich Airport	4.91
#stranded	CYC	Caye Chapel Airport	4.89
#stranded	SYF	Silva Bay Seaplane Base	4.76
#stranded	YGG	Ganges Seaplane Base	4.73
#stranded	LBJ	Komodo Airport	4.72
#stranded	PUJ	Punta Cana International Airport	4.63
#stranded	YIO	Pond Inlet Airport	4.60
#stranded	GPS	Seymour Galapagos Ecological Airport	4.56
#stranded	HTI	Hamilton Island Airport	4.52
#stranded	CEC	Jack Mc Namara Field Airport	4.51
#stranded	JEG	Aasiaat Airport	4.49
#stranded	JIB	Djibouti-Ambouli Airport	4.48
#stranded	MAZ	Eugenio Maria De Hostos Airport	4.44
#stranded	QCU	Akunnaaq Heliport	4.38
#stranded	KXB	Sangia Nibandera Airport	4.37
#stranded	LKE	Kenmore Air Harbor Seaplane Base	4.36
#stranded	OEC	Oecusse Route of the Sandalwood International Airport	4.35
#stranded	PNR	Antonio Agostinho-Neto International Airport	4.31
#stranded	NEV	Vance W. Amory International Airport	4.29
#stranded	SIT	Sitka Rocky Gutierrez Airport	4.29
#stranded	VAW	Vardø Airport, Svartnes	4.20
#stranded	LIH	Lihue Airport	4.20
#stranded	YRB	Resolute Bay Airport	4.19
#stranded	TAC	Daniel Z. Romualdez Airport	4.13
#stranded	YGZ	Grise Fiord Airport	4.13
#stranded	ZSE	Saint-Pierre Pierrefonds Airport	4.11
#stranded	CGA	Craig Seaplane Base	4.10
#stranded	BHB	Hancock County-Bar Harbor Airport	4.08
#stranded	SAE	Saattut Heliport	4.00
#stranded	PAE	Seattle Paine Field International Airport	4.00
#stranded	MLN	Melilla Airport	3.93
#stranded	KLW	Klawock Airport	3.84
#stranded	SNW	Thandwe Airport	3.83
#stranded	SOV	Seldovia Airport	3.80
#stranded	BYW	Blakely Island Airport	3.75
#stranded	PWE	Pevek Airport	3.75
#stranded	IWK	Iwakuni Kintaikyo Airport	3.75
#stranded	FRO	Florø Airport	3.72
#stranded	CCS	Maiquetía Simón Bolívar International Airport	3.66
#stranded	RFP	Raiatea Airport	3.64
#stranded	KMA	Kerema Airport	3.62
#stranded	YCY	Clyde River Airport	3.61
#stranded	SSA	Deputado Luiz Eduardo Magalhães International Airport	3.58
#stranded	OKA	Naha International Airport	3.53
#stranded	REG	Reggio Calabria Airport	3.53
#stranded	YSK	Sanikiluaq Airport	3.49
#stranded	KPN	Kipnuk Airport	3.44
#stranded	MHM	Manaoba Airport	3.43
#stranded	SPU	Split Saint Jerome Airport	3.41
#stranded	CSK	Cap Skirring Airport	3.38
#stranded	LKI	Lasikin Airport	3.32
#stranded	YPR	Prince Rupert Airport	3.23
#stranded	KPR	Port Williams Seaplane Base	3.22
#stranded	TMS	São Tomé International Airport	3.20
#stranded	MAG	Madang Airport	3.20
#stranded	IKE	Ikerasak Heliport	3.19
#stranded	PVK	Aktion National Airport	3.19
#stranded	KTN	Ketchikan International Airport	3.17
#stranded	OBY	Ittoqqortoormiit Heliport	3.17
#stranded	KWK	Kwigillingok Airport	3.16
#stranded	KSR	Selayar - Haji Aroeppala Airport	3.12
#stranded	TKE	Tenakee Seaplane Base	3.11
#stranded	QUV	Aappilattoq Heliport	3.09
#stranded	PTU	Platinum Airport	3.01
#stranded	YAZ	Tofino / Long Beach Airport	2.98
#stranded	ESM	Carlos Concha Torres International Airport	2.93
#stranded	ELI	Elim Airport	2.88
#stranded	WAA	Wales Airport	2.88
#stranded	BQN	Rafael Hernández International Airport	2.87
#stranded	MOZ	Moorea Temae Airport	2.79
#stranded	WKJ	Wakkanai Airport	2.78
#stranded	YVR	Vancouver International Airport	2.78
#stranded	SAQ	San Andros Airport	2.74
#stranded	LTK	Latakia International Airport	2.72
#stranded	DBV	Dubrovnik Ruđer Bošković Airport	2.68
#stranded	NAM	Namniwel Airport	2.67
#stranded	EDR	Pormpuraaw Airport	2.62
#stranded	SIG	Fernando Luis Ribas Dominicci Airport	2.62
#stranded	PPW	Papa Westray Airport	2.62
#stranded	AKS	Gwaunaru'u Airport	2.60
#stranded	BJT	Bentota River Waterdrome	2.58
#stranded	HHP	Shun Tak Heliport	2.57
#stranded	HPB	Hooper Bay Airport	2.52
#stranded	LUP	Kalaupapa Airport	2.50
#stranded	MJT	Mytilene International Airport	2.47
#stranded	DOH	Hamad International Airport	2.45
#stranded	UTP	U-Tapao–Rayong–Pattaya International Airport	2.44
#stranded	CGM	Camiguin Airport	2.39
#stranded	MPM	Maputo Airport	2.38
#stranded	SIN	Singapore Changi Airport	2.35
#stranded	SDQ	Las Américas International Airport	2.35
#stranded	LAD	Quatro de Fevereiro International Airport	2.33
#stranded	VNX	Vilankulo Airport	2.33
#stranded	PFO	Paphos International Airport	2.31
#stranded	GOI	Goa Dabolim International Airport	2.31
#stranded	WSZ	Westport Airport	2.30
#stranded	YIG	Big Bay Seaplane Base	2.29
#stranded	OCE	Ocean City Municipal Airport	2.26
#stranded	IOQ	Isortoq Heliport	2.23
#stranded	TBH	Tugdan Airport	2.23
#stranded	TPS	Vincenzo Florio Airport Trapani-Birgi	2.22
#stranded	GIZ	Jizan Regional Airport / King Abdullah bin Abdulaziz Airport	2.20
#stranded	AHO	Alghero-Fertilia Airport	2.18
#stranded	SUI	Vladislav Ardzinba Sukhum International Airport	2.18
#stranded	ARD	Alor Island - Mali Airport	2.16
#stranded	CCP	Carriel Sur International Airport	2.12
#stranded	GBJ	Marie-Galante Airport	2.12
#stranded	CGY	Laguindingan International Airport	2.11
#stranded	YTP	Tofino Harbour Seaplane Base	2.11
#stranded	RIH	Scarlett Martinez International Airport	2.10
#stranded	OLA	Ørland Airport	2.08
#stranded	ORI	Port Lions Airport	2.07
#stranded	AKK	Akhiok Airport	2.02
#stranded	OLH	Old Harbor Airport	2.01
#stranded	WIC	Wick John O'Groats Airport	1.95
#stranded	FLN	Hercílio Luz International Airport	1.95
#stranded	DIL	Presidente Nicolau Lobato International Airport	1.92
#stranded	SDP	Sand Point Airport	1.92
#stranded	TWU	Tawau Airport	1.92
#stranded	HLE	Saint Helena International Airport	1.90
#stranded	NTX	Ranai Airport	1.88
#stranded	URE	Kuressaare Airport	1.88
#stranded	WFB	Ketchikan Harbor Seaplane Base	1.88
#stranded	KEB	Nanwalek Airport	1.86
#stranded	TQI	Tiniteqilaaq Heliport	1.81
#stranded	TOU	Touho Airport	1.77
#stranded	AKV	Akulivik Airport	1.76
#stranded	BMR	Baltrum Airport	1.76
#stranded	MKM	Mukah Airport	1.75
#stranded	VAL	Valença Airport	1.74
#stranded	YWM	Williams Harbour Airport	1.73
#stranded	VAI	Vanimo Airport	1.71
#stranded	HKG	Hong Kong International Airport	1.71
#stranded	MUA	Munda Airport	1.70
#stranded	YBQ	Telegraph Harbour Seaplane Base	1.70
#stranded	ANX	Andøya Airport, Andenes	1.67
#stranded	PPV	Port Protection Seaplane Base	1.66
#stranded	YHK	Gjoa Haven Airport	1.66
#stranded	KKH	Kongiganak Airport	1.66
#stranded	SJU	Luis Munoz Marin International Airport	1.65
#stranded	PNI	Pohnpei International Airport	1.65
#stranded	ZNZ	Abeid Amani Karume International Airport	1.63
#stranded	JHM	Kapalua Airport	1.63
#stranded	LTO	Loreto International Airport	1.63
#stranded	WOS	Wonsan Kalma Airport	1.58
#stranded	MAS	Momote Airport	1.57
#stranded	YCS	Chesterfield Inlet Airport	1.56
#stranded	YIK	Ivujivik Airport	1.56
#stranded	JNS	Narsaq Heliport	1.54
#stranded	KMY	Moser Bay Seaplane Base	1.53
#stranded	TFS	Tenerife Sur Airport	1.48
#stranded	NDB	Nouadhibou International Airport	1.48
#stranded	ZMT	Masset Airport	1.46
#stranded	KPV	Perryville Airport	1.45
#stranded	IQQ	Diego Aracena International Airport	1.44
#stranded	GUZ	Guarapari Airport	1.43
#stranded	MPH	Godofredo P. Ramos Airport	1.42
#stranded	ADE	Aden International Airport	1.41
#stranded	NPL	New Plymouth Airport	1.39
#stranded	NOP	Sinop Airport	1.38
#stranded	DUT	Tom Madsen (Dutch Harbor) Airport	1.36
#stranded	BGK	Big Creek Airport	1.30
#stranded	BBR	Basse-Terre Baillif Airport	1.30
#stranded	TKN	Tokunoshima Airport	1.30
#stranded	SYB	Seal Bay Seaplane Base	1.28
#stranded	KLO	Kalibo International Airport	1.28
#stranded	MIS	Misima Island Airport	1.19
#stranded	KSA	Kosrae International Airport	1.19
#stranded	KLN	Larsen Bay Airport	1.18
#stranded	KEM	Kemi-Tornio Airport	1.17
#stranded	KFP	False Pass Airport	1.17
#stranded	YZT	Port Hardy Airport	1.17
#stranded	TKD	Takoradi Airport	1.15
#stranded	PIZ	Point Lay LRRS Airport	1.14
#stranded	SYD	Sydney Kingsford Smith International Airport	1.12
#stranded	SMS	Sainte Marie Airport	1.11
#stranded	OGU	Ordu–Giresun Airport	1.10
#stranded	YAL	Alert Bay Airport	1.09
#stranded	WNI	Matahora Airport	1.09
#stranded	CJU	Jeju International Airport	1.08
#stranded	SVD	Argyle International Airport	1.06
#stranded	YYQ	Churchill Airport	1.04
#stranded	WLH	Walaha Airport	1.01
#stranded	DIU	Diu Airport	1.01
#stranded	JEE	Jérémie Airport	0.99
#stranded	IOS	Bahia - Jorge Amado Airport	0.98
#stranded	KNG	Utarom Airport	0.96
#stranded	AGP	Málaga-Costa del Sol Airport	0.95
#stranded	SVG	Stavanger Airport, Sola	0.95
#stranded	KVL	Kivalina Airport	0.95
#stranded	CME	Ciudad del Carmen International Airport	0.94
#stranded	JSI	Skiathos Island National Airport	0.90
#stranded	KCT	Koggala Airport	0.89
#stranded	OJU	Tanjung Api Airport	0.88
#stranded	YIA	Yogyakarta International Airport	0.86
#stranded	YZP	Sandspit Airport	0.85
#stranded	LSI	Sumburgh Airport	0.85
#stranded	ACE	César Manrique-Lanzarote Airport	0.85
#stranded	BUZ	Bushehr Airport	0.84
#stranded	BCD	Bacolod-Silay International Airport	0.81
#stranded	RSJ	Rosario Seaplane Base	0.80
#stranded	TRG	Tauranga Airport	0.79
#stranded	APW	Faleolo International Airport	0.79
#stranded	YPW	Powell River Airport	0.79
#stranded	KIX	Kansai International Airport	0.74
#stranded	OOL	Gold Coast Airport	0.69
#stranded	LPA	Gran Canaria Airport	0.68
#stranded	TAB	A.N.R. Robinson International Airport	0.68
#stranded	RTB	Juan Manuel Gálvez International Airport	0.68
#stranded	MTM	Metlakatla Seaplane Base	0.65
#stranded	SPC	La Palma Airport	0.65
#stranded	BVG	Berlevåg Airport	0.64
#stranded	CWS	Center Island Airport	0.63
#stranded	FAO	Faro - Gago Coutinho International Airport	0.63
#stranded	ONX	Enrique Adolfo Jimenez Airport	0.62
#stranded	TRW	Bonriki International Airport	0.62
#stranded	CYP	Calbayog Airport	0.62
#stranded	SKN	Stokmarknes Airport, Skagen	0.62
#stranded	WRG	Wrangell Airport	0.62
#stranded	FNR	Funter Bay Seaplane Base	0.58
#stranded	MBT	Moises R. Espinosa Airport	0.58
#stranded	ALZ	Alitak Seaplane Base	0.57
#stranded	ZLO	Playa de Oro International Airport	0.56
#stranded	SPR	John Greif II Airport	0.56
#stranded	MEC	Eloy Alfaro International Airport	0.55
#stranded	SFL	São Filipe Airport	0.54
#stranded	KKJ	Kitakyushu Airport	0.53
#stranded	KPB	Point Baker Seaplane Base	0.52
#stranded	PPT	Fa'a'ā International Airport	0.52
#stranded	DPS	Denpasar I Gusti Ngurah Rai International Airport	0.49
#stranded	TRK	Juwata International Airport / Suharnoko Harbani AFB	0.48
#stranded	AUA	Queen Beatrix International Airport	0.48
#stranded	CCV	Craig Cove Airport	0.46
#stranded	QJI	Ikamiut Heliport	0.46
#stranded	FLW	Flores Airport	0.44
#stranded	JUU	Nuugaatsiaq Heliport	0.44
#stranded	CXI	Cassidy International Airport	0.43
#stranded	EFL	Kefallinia Airport	0.42
#stranded	AGN	Angoon Seaplane Base	0.41
#stranded	LNB	Lamen Bay Airport	0.40
#stranded	VAO	Suavanao Airport	0.39
#stranded	NNR	Connemara Regional Airport	0.39
#stranded	NGI	Ngau Airport	0.38
#stranded	SDL	Sundsvall-Härnösand Airport	0.38
#stranded	IOM	Isle of Man Airport	0.37
#stranded	CAB	Cabinda Airport	0.37
#stranded	SXM	Princess Juliana International Airport	0.36
#stranded	KYK	Karluk Airport	0.35
#stranded	SWL	San Vicente Airport	0.34
#stranded	CRU	Lauriston Airport	0.33
#stranded	TVU	Matei Airport	0.33
#stranded	GHB	Governor's Harbour Airport	0.32
#stranded	AXP	Spring Point Airport	0.31
#stranded	KPY	Port Bailey Seaplane Base	0.30
#stranded	AUK	Alakanuk Airport	0.28
#stranded	TLN	Toulon-Hyères Airport	0.28
#stranded	RSU	Yeosu Airport	0.28
#stranded	NIQ	Niaqornat Heliport	0.27
#stranded	TOS	Tromsø Airport	0.27
#stranded	SCY	San Cristóbal Airport	0.27
#stranded	KUM	Yakushima Airport	0.26
#stranded	VIJ	Virgin Gorda Airport	0.25
#stranded	SBA	Santa Barbara Municipal Airport	0.23
#stranded	HAA	Hasvik Airport	0.23
#stranded	TUB	Tubuai Airport	0.22
#stranded	IXZ	Veer Savarkar International Airport / INS Utkrosh	0.21
#stranded	MVD	Carrasco General Cesáreo L. Berisso International Airport	0.20
#stranded	ANC	Ted Stevens Anchorage International Airport	0.20
#stranded	YVM	Qikiqtarjuaq Airport	0.19
#stranded	PTD	Port Alexander Seaplane Base	0.19
#stranded	LMP	Lampedusa Airport	0.18
#stranded	KEH	Kenmore Air Harbor LLC Seaplane Base	0.18
#stranded	RIS	Rishiri Airport	0.18
#stranded	PDL	João Paulo II Airport	0.18
#stranded	ZEL	Bella Bella (Campbell Island) Airport	0.18
#stranded	HUN	Hualien Chiashan Airport	0.17
#stranded	SGD	Sønderborg Airport	0.16
#stranded	JIK	Ikaria Airport	0.14
#stranded	AMQ	Pattimura International Airport	0.14
#stranded	HRG	Hurghada International Airport	0.13
#stranded	SSR	Sara Airport	0.13
#stranded	LNV	Londolovit Airport	0.12
#stranded	NAH	Naha Airport	0.10
#stranded	DOM	Douglas-Charles Airport	0.10
#stranded	INH	Inhambane Airport	0.10
#stranded	CAL	Campbeltown Airport	0.08
#stranded	AOK	Karpathos Airport	0.08
#stranded	DVO	Francisco Bangoy International Airport	0.08
#stranded	YPX	Puvirnituq Airport	0.07
#stranded	KTP	Tinson Pen Airport	0.07
#stranded	NAN	Nadi International Airport	0.07
#stranded	ZAM	Zamboanga International Airport	0.07
#stranded	LPS	Lopez Island Airport	0.06
#stranded	OIR	Okushiri Airport	0.06
#stranded	GMZ	La Gomera Airport	0.05
#stranded	TAH	Whitegrass Airport	0.04
#stranded	RRG	Sir Charles Gaetan Duval Airport	0.04
#stranded	KNH	Kinmen Airport	0.03
#stranded	BXT	LNG Badak Airport	0.03
#stranded	BRI	Bari Karol Wojtyła International Airport	0.03
#stranded	MNU	Mawlamyine Airport	0.03
#stranded	BFI	King County International Airport - Boeing Field	0.03
#stranded	NYS	New York Skyports Inc Seaplane Base	0.01
#stranded	ONG	Mornington Island Airport	0.01
